{
  "id": "5412a2c49adbdee8",
  "dim": 384,
  "vector": [
    0.04170288145542145,
    0.0,
    0.04170288145542145,
    -0.020851440727710724,
    0.0,
    0.0,
    0.04170288145542145,
    0.0,
    0.0,
    0.0,
    0.04170288145542145,
    -0.020851440727710724,
    0.0,
    0.0,
    0.0,
    0.0,
    0.0,
    0.04170288145542145,
    0.0,
    -0.020851440727710724,
    0.0,
    0.04170288145542145,
    -0.04170288145542145,
    0.0,
    0.0,
    0.0,
    0.0,
    0.04170288145542145,
    -0.04170288145542145,
    0.04170288145542145,
    0.0,
    0.0,
    0.04170288145542145,
    0.0,
    0.0,
    0.0,
    0.04170288145542145,
    0.0,
    0.0,
    0.0,
    0.0,
    0.04170288145542145,
    0.0,
    0.04170288145542145,
    0.0834057629108429,
    0.0,
    -0.020851440727710724,
    0.0,
    0.0,
    0.0,
    0.0,
    0.0,
    0.0,
    -0.04170288145542145,
    0.020851440727710724,
    0.0,
    0.04170288145542145,
    0.0,
    0.0,
    0.0,
    0.0,
    0.0,
    0.020851440727710724,
    0.0,
    0.0,
    0.0,
    0.0,
    0.04170288145542145,
    -0.04170288145542145,
    0.0,
    0.06255432218313217,
    0.0,
    -0.0834057629108429,
    0.0,
    0.0,
    -0.04170288145542145,
    0.0,
    0.0,
    0.0,
    0.0834057629108429,
    0.04170288145542145,
    0.0,
    0.0,
    0.0,
    0.0,
    0.0,
    0.0,
    0.04170288145542145,
    0.0,
    -0.020851440727710724,
    0.0,
    0.0,
    0.04170288145542145,
    0.0,
    0.0,
    0.0,
    0.0,
    -0.020851440727710724,
    0.0,
    0.0,
    0.0,
    0.0,
    0.04170288145542145,
    0.0,
    0.0,
    -0.020851440727710724,
    0.0,
    0.0,
    0.0,
    0.04170288145542145,
    0.0,
    0.0,
    0.0,
    -0.020851440727710724,
    0.0,
    0.0,
    0.0,
    0.0,
    -0.04170288145542145,
    0.0,
    0.0,
    0.0,
    0.0,
    0.0,
    0.0,
    0.0,
    0.0,
    0.0,
    0.0,
    0.0,
    0.0,
    0.0,
    0.06255432218313217,
    0.0,
    0.0,
    0.0,
    0.04170288145542145,
    0.0,
    -0.04170288145542145,
    0.0,
    0.020851440727710724,
    -0.04170288145542145,
    0.0,
    0.0,
    -0.04170288145542145,
    0.0,
    0.0,
    0.0,
    -0.020851440727710724,
    0.0,
    0.0,
    -0.04170288145542145,
    0.0,
    0.0,
    0.0,
    0.0,
    0.06255432218313217,
    0.0,
    0.0,
    0.0,
    0.0,
    0.0,
    0.04170288145542145,
    0.0,
    0.020851440727710724,
    0.0,
    0.0,
    0.0,
    0.0,
    0.0,
    0.0,
    -0.04170288145542145,
    0.0,
    -0.04170288145542145,
    0.0,
    0.0,
    0.0,
    0.0,
    0.0,
    0.0,
    0.0,
    0.0,
    0.0,
    0.0,
    0.0,
    0.0,
    0.0,
    0.0,
    0.0,
    0.0,
    0.0,
    -0.020851440727710724,
    0.0,
    0.0,
    0.0,
    0.0,
    0.06255432218313217,
    0.0,
    0.0,
    -0.020851440727710724,
    0.0,
    0.0,
    0.0,
    0.0,
    0.0,
    0.0,
    -0.04170288145542145,
    -0.020851440727710724,
    0.0,
    0.0,
    0.0,
    0.04170288145542145,
    0.0,
    0.0,
    0.0,
    -0.020851440727710724,
    0.04170288145542145,
    0.0,
    0.0,
    0.0,
    0.04170288145542145,
    0.0,
    0.0,
    0.0,
    0.0,
    0.04170288145542145,
    0.0,
    0.0,
    0.0,
    -0.0834057629108429,
    0.0,
    0.0,
    0.0,
    0.0,
    0.020851440727710724,
    0.04170288145542145,
    0.0,
    -0.04170288145542145,
    0.0,
    -0.04170288145542145,
    0.0,
    -0.04170288145542145,
    -0.041702885180711746,
    0.0,
    0.0,
    0.0,
    0.0,
    0.0,
    0.0,
    0.0,
    0.020851440727710724,
    0.0,
    0.0,
    0.0,
    0.04170288145542145,
    0.0,
    0.0,
    0.0,
    0.020851440727710724,
    0.0,
    -0.04170288145542145,
    -0.04170288145542145,
    -0.04170288145542145,
    0.0,
    -0.0834057629108429,
    -0.04170288145542145,
    0.04170288145542145,
    0.0,
    0.0,
    0.10425720363855362,
    0.0,
    0.0,
    0.0,
    0.0,
    0.0,
    0.0834057629108429,
    0.0,
    0.0,
    0.0,
    0.0,
    0.0,
    -0.04170288145542145,
    -0.04170288145542145,
    -0.04170288145542145,
    0.0,
    -0.020851440727710724,
    0.0,
    0.0,
    0.0,
    0.0,
    0.0,
    0.0,
    0.04170288145542145,
    -0.020851440727710724,
    -0.04170288145542145,
    0.0,
    0.0,
    0.0,
    0.0,
    0.0,
    0.0,
    -0.10425720363855362,
    -0.04170288145542145,
    0.0,
    0.0,
    -0.0834057629108429,
    0.020851442590355873,
    -0.04170288145542145,
    -0.04170288145542145,
    -0.020851440727710724,
    0.0,
    -0.04170288145542145,
    0.0,
    0.0,
    0.0,
    0.0,
    0.0,
    -0.04170288145542145,
    0.0,
    -0.04170288145542145,
    0.0,
    0.0,
    0.0,
    0.0,
    0.0,
    0.0,
    0.0,
    0.0,
    0.04170288145542145,
    0.0,
    0.0,
    0.0,
    0.0,
    -0.04170288145542145,
    0.04170288145542145,
    0.0,
    0.020851440727710724,
    0.0,
    -0.0834057629108429,
    0.0,
    0.0,
    0.0,
    0.0,
    0.0,
    0.020851440727710724,
    0.04170288145542145,
    0.0,
    -0.04170288145542145,
    0.0,
    0.0,
    0.0,
    0.0,
    0.06255432218313217,
    0.0,
    0.0,
    0.04170288145542145,
    0.0,
    -0.04170288145542145,
    0.0,
    -0.04170288145542145,
    0.020851440727710724,
    0.04170288145542145,
    0.0,
    0.0,
    0.0,
    -0.04170288145542145,
    0.0,
    0.12510864436626434,
    0.0,
    0.0,
    0.0,
    0.0,
    0.04170288145542145,
    0.0,
    0.04170288145542145,
    0.0,
    0.0,
    0.0,
    0.0,
    -0.020851440727710724,
    0.0,
    0.0,
    0.0,
    0.0
  ],
  "model": "hash-v1",
  "created_at": "2026-06-07T01:03:17.653026"
}